{"cameraMode":{"drawMode":0,"name":"Shaded","section":"Shading Mode"},"sceneLighting":true,"audioPlay":false,"sceneViewState":{"m_AlwaysRefresh":false,"showFog":true,"showSkybox":true,"showFlares":true,"showImageEffects":true,"showParticleSystems":true,"showVisualEffectGraphs":true,"m_FxEnabled":true},"in2DMode":false,"pivot":{"x":-2.627955436706543,"y":1.6497130393981934,"z":-3.0972843170166017},"rotation":{"x":-0.34820353984832766,"y":-0.02755691111087799,"z":0.010244574397802353,"w":-0.9369724988937378},"size":6.380574703216553,"orthographic":false}