{"cameraMode":{"drawMode":0,"name":"Shaded","section":"Shading Mode"},"sceneLighting":false,"audioPlay":false,"sceneViewState":{"m_AlwaysRefresh":false,"showFog":true,"showSkybox":false,"showFlares":true,"showImageEffects":true,"showParticleSystems":true,"showVisualEffectGraphs":true,"m_FxEnabled":true},"in2DMode":false,"pivot":{"x":-0.018100261688232423,"y":0.05762898921966553,"z":-12.802616119384766},"rotation":{"x":-0.10428716987371445,"y":0.8736328482627869,"z":-0.4239649176597595,"w":-0.21490465104579926},"size":6.928861141204834,"orthographic":false}